variant,kind,feature_groups,removed_feature,n_features,n_rows,validation_roc_auc,test_roc_auc,test_pr_auc,delta_roc_auc,ci_low,ci_high,probability_better,significant_at_95,significantly_worse_at_95,verdict,walkforward_roc_auc_mean,n_trades,total_return,excess_vs_buy_hold,threshold,notes
baseline,baseline,['technical'],,39,41342,0.5611809354588309,0.6005169638834407,0.32061149723217863,0.0,0.0,0.0,0.0,False,False,reference,0.5919128095400101,14,-0.08738138017010422,-0.0034540812010320776,0.44,['scored on 6016 of 6202 own test rows (the common set across all variants)']
add_derivatives,add,"['technical', 'derivatives']",,62,40102,0.5684910107053139,0.5966643983572634,0.3176483189057562,-0.0038525655261772984,-0.010662247095684033,0.0017086817283683009,0.094,False,False,indistinguishable,0.5831471712541922,14,0.005096507875376188,0.08269686883049032,0.42,[]
add_sentiment,add,"['technical', 'sentiment']",,51,40822,0.576988652477293,0.5942803740203358,0.30972529638404755,-0.0062365898631048244,-0.01782499942412753,0.005700568568823269,0.146,False,False,indistinguishable,0.5744124608498491,22,-0.015265094225942799,0.10622493902740893,0.42,['scored on 6016 of 6124 own test rows (the common set across all variants)']
add_microstructure,add,"['technical', 'microstructure']",,61,41061,0.5677070856634894,0.5962231239085893,0.31728613124065697,-0.004293839974851332,-0.010338910086600173,0.001945996986916397,0.08,False,False,indistinguishable,0.5806092782869904,0,0.0,0.1169065266114927,0.46,['scored on 6016 of 6160 own test rows (the common set across all variants)']
add_context,add,"['technical', 'context']",,50,41342,0.5639173924477248,0.6022439350910431,0.3217622680302157,0.0017269712076024568,-0.003730392849816022,0.006641622046220054,0.73,False,False,indistinguishable,0.5965306545821354,23,-0.03301684145833084,0.0509104575107413,0.42,['scored on 6016 of 6202 own test rows (the common set across all variants)']
drop_derivatives,drop,"['technical', 'sentiment', 'microstructure', 'context']",,84,40821,0.5745537826147719,0.5970117656867541,0.31307389669813307,-0.0035051981966865986,-0.011588212875986206,0.005010498810391981,0.208,False,False,indistinguishable,0.5874163676678392,14,-0.027042253045962195,0.09444778020738953,0.44,['scored on 6016 of 6124 own test rows (the common set across all variants)']
drop_sentiment,drop,"['technical', 'derivatives', 'microstructure', 'context']",,95,40101,0.5693870173263329,0.5971417966345647,0.31305186951347014,-0.0033751672488759876,-0.012145141267443321,0.004686314663698307,0.214,False,False,indistinguishable,0.5876159789435993,22,-0.1908886401545572,-0.11328827919944306,0.42,[]
drop_microstructure,drop,"['technical', 'derivatives', 'sentiment', 'context']",,85,40102,0.575438850182524,0.5994719690216287,0.31824443925399387,-0.0010449948618119764,-0.00987458068805069,0.007188653716591764,0.406,False,False,indistinguishable,0.5809025993406121,26,-0.029066402938812463,0.04853395801630167,0.42,[]
drop_context,drop,"['technical', 'derivatives', 'sentiment', 'microstructure']",,96,40101,0.5774122338093473,0.6000472057588059,0.31322805691647115,-0.0004697581246347893,-0.008881135634157336,0.006713667663969727,0.478,False,False,indistinguishable,0.5751636976910566,16,6.774468137771272e-05,0.07766810563649185,0.4,[]
full_union,union,"['technical', 'derivatives', 'sentiment', 'microstructure', 'context']",,107,40101,0.5760062672005735,0.5995819723847795,0.3212208043642303,-0.000934991498661164,-0.013540734614323643,0.010174045893135742,0.488,False,False,indistinguishable,0.579531251544119,81,-0.12643883900003128,-0.048838478044917144,0.42,[]
