feature,gain_importance,relative_importance,rank,is_top_20,interpretation
candle_range,58.930992126464844,0.10646719249255103,1,True,"model reliance, not causal effect"
atr_percent,30.26723289489746,0.05468204750265469,2,True,"model reliance, not causal effect"
rolling_volatility_20,20.321107864379883,0.036712962476788555,3,True,"model reliance, not causal effect"
ema_26,18.357603073120117,0.0331656126863339,4,True,"model reliance, not causal effect"
bb_middle,17.165998458862305,0.031012810005378786,5,True,"model reliance, not causal effect"
candle_body,16.084360122680664,0.02905867699674991,6,True,"model reliance, not causal effect"
sma_50,15.211506843566895,0.027481743795188775,7,True,"model reliance, not causal effect"
sma_100,14.48625659942627,0.026171476403414908,8,True,"model reliance, not causal effect"
bb_width,14.161628723144531,0.025584990119281663,9,True,"model reliance, not causal effect"
bb_upper,13.813411712646484,0.0249558867197272,10,True,"model reliance, not causal effect"
ema_12,13.7871732711792,0.02490848325513921,11,True,"model reliance, not causal effect"
rsi_14,13.5336332321167,0.02445042722775199,12,True,"model reliance, not causal effect"
volume_ratio,13.48566722869873,0.02436376984197372,13,True,"model reliance, not causal effect"
price_vs_sma20,13.455289840698242,0.02430888878365506,14,True,"model reliance, not causal effect"
atr_14,13.285614967346191,0.02400234706849854,15,True,"model reliance, not causal effect"
sma_10,13.165364265441895,0.023785097126404666,16,True,"model reliance, not causal effect"
sma20_vs_sma50,13.147697448730469,0.023753179517220186,17,True,"model reliance, not causal effect"
roc_12,12.949431419372559,0.02339498382509467,18,True,"model reliance, not causal effect"
return_24h,12.909272193908691,0.02332243049053282,19,True,"model reliance, not causal effect"
rolling_volatility_50,12.886603355407715,0.023281476019800566,20,True,"model reliance, not causal effect"
sma_20,12.28883171081543,0.022201516791983414,21,False,"model reliance, not causal effect"
sma_200,12.14581298828125,0.021943133192579404,22,False,"model reliance, not causal effect"
bb_lower,11.85661506652832,0.0214206561445494,23,False,"model reliance, not causal effect"
volume_change,11.608707427978516,0.020972775847248198,24,False,"model reliance, not causal effect"
bb_position,11.446590423583984,0.020679888493915534,25,False,"model reliance, not causal effect"
price_vs_sma50,11.43189525604248,0.020653339590275935,26,False,"model reliance, not causal effect"
price_vs_sma200,11.290022850036621,0.020397026974204705,27,False,"model reliance, not causal effect"
return_12h,11.199714660644531,0.02023387242620341,28,False,"model reliance, not causal effect"
sma50_vs_sma200,11.168516159057617,0.020177507909773667,29,False,"model reliance, not causal effect"
volume_sma_20,11.006450653076172,0.01988471359562567,30,False,"model reliance, not causal effect"
macd_histogram,10.867514610290527,0.019633705936028343,31,False,"model reliance, not causal effect"
return_3h,10.803091049194336,0.01951731563895741,32,False,"model reliance, not causal effect"
macd,10.588571548461914,0.019129755746382177,33,False,"model reliance, not causal effect"
return_1h,10.570819854736328,0.019097684794837786,34,False,"model reliance, not causal effect"
return_6h,10.140313148498535,0.0183199133929243,35,False,"model reliance, not causal effect"
macd_signal,9.845884323120117,0.017787985975859105,36,False,"model reliance, not causal effect"
upper_wick,8.514545440673828,0.015382733527944314,37,False,"model reliance, not causal effect"
body_to_range,7.748684406280518,0.01399909698579489,38,False,"model reliance, not causal effect"
lower_wick,7.584732532501221,0.013702894680771488,39,False,"model reliance, not causal effect"
