symbol,strategy,n_rows,n_train,n_test,test_roc_auc,test_pr_auc,test_accuracy,delta_roc_auc_vs_per_asset,ci_low,ci_high,significant_at_95,significantly_worse_at_95,verdict,notes
BTCUSDT,per_asset,41342,28933,6202,0.5947606571891211,0.31119659967372787,0.7536278619800064,,,,False,False,reference,[]
ETHUSDT,per_asset,41343,28934,6202,0.5678400232642983,0.33967916244504115,0.7059013221541438,,,,False,False,reference,[]
SOLUSDT,per_asset,41343,28934,6202,0.5445379115001113,0.3571332128499085,0.6799419542083199,,,,False,False,reference,[]
BNBUSDT,per_asset,41343,28934,6202,0.5500506161927657,0.3057290541454485,0.7337955498226378,,,,False,False,reference,[]
XRPUSDT,per_asset,41343,28934,6202,0.5741864182165637,0.35372605299214044,0.7131570461141568,,,,False,False,reference,[]
BTCUSDT,global,41342,28933,6202,0.6022867411988209,0.3222367134939329,0.753144147049339,0.007526084009699785,-0.006785483808009901,0.02133414373012166,False,False,indistinguishable,"['trained on all symbols stacked, with a symbol-id feature']"
ETHUSDT,global,41343,28934,6202,0.5697869253186116,0.3464162303737979,0.7054176072234764,0.0019469020543133597,-0.009242426901110152,0.011558599694878612,False,False,indistinguishable,"['trained on all symbols stacked, with a symbol-id feature']"
SOLUSDT,global,41343,28934,6202,0.5612834938825636,0.3685219453989721,0.6791357626572073,0.016745582382452273,0.0008497163118743574,0.03318567338196303,True,False,better,"['trained on all symbols stacked, with a symbol-id feature']"
BNBUSDT,global,41343,28934,6202,0.5833301105794868,0.3195044929864205,0.7349242179941954,0.033279494386721065,0.008078656275417092,0.05793354033773953,True,False,better,"['trained on all symbols stacked, with a symbol-id feature']"
XRPUSDT,global,41343,28934,6202,0.5890275309573657,0.35457898032481616,0.7110609480812641,0.01484111274080202,0.003064775960215277,0.028315331186341067,True,False,better,"['trained on all symbols stacked, with a symbol-id feature']"
