feature,permutation_importance_mean,permutation_importance_std,measured_features
candle_range,0.024496666700330773,0.0059664001427775755,39
rolling_volatility_20,0.013342442257778985,0.0009171025390145654,39
atr_percent,0.004040440594776063,0.0014181199045109642,39
volume_ratio,0.003497467904156326,0.002106109553696947,39
atr_14,0.0018486459767562025,0.0008361092666914322,39
sma50_vs_sma200,0.0006480325059838643,0.000384505185698044,39
price_vs_sma200,0.0006180294425574661,0.00013049760361707305,39
price_vs_sma20,0.0005432391974945272,0.0001732269551283087,39
volume_change,0.00045767646402048443,0.00034407085784492994,39
macd,0.00040612842377176774,0.00015708880377089275,39
macd_signal,0.00033290916660222436,0.0001957897675738905,39
bb_width,0.0002166560624984326,0.0009435319181403301,39
return_1h,0.00018438067729784625,9.951289679508878e-05,39
rsi_14,0.0001516844917686555,0.00021418233521110244,39
macd_histogram,0.0001495384100930419,0.0002651794817154966,39
return_12h,9.835506346236311e-05,0.0001744408891376722,39
sma_200,8.062534295234513e-05,7.648870388383234e-05,39
body_to_range,5.018745251978984e-05,5.628497985746149e-05,39
ema_26,4.109816542283706e-05,3.8110150103424915e-05,39
return_6h,2.5093726259939332e-05,0.00011264852129311423,39
upper_wick,1.597638580770333e-05,7.749242912895962e-05,39
candle_body,2.9736556552251157e-06,0.00011798477657985193,39
sma_10,0.0,0.0,39
bb_upper,0.0,0.0,39
bb_middle,0.0,0.0,39
sma_20,0.0,0.0,39
sma_50,0.0,0.0,39
ema_12,0.0,0.0,39
bb_position,-2.2877511196028878e-05,0.00017008817412514818,39
lower_wick,-0.0001544196939041953,0.00014866806328095274,39
sma_100,-0.00018022878072256887,6.16369849859182e-05,39
roc_12,-0.00022639057676572262,4.242094955576263e-05,39
return_3h,-0.00025287294410980543,0.0006625052148390297,39
bb_lower,-0.00044460360047975377,0.00011379302129810809,39
return_24h,-0.000665060892612801,0.002320189553261041,39
price_vs_sma50,-0.0007712989488968258,0.0004857081695550106,39
sma20_vs_sma50,-0.0011204930882142694,0.00044126484657779443,39
rolling_volatility_50,-0.00114151907796467,0.00021911979332582256,39
volume_sma_20,-0.0017063172789590908,0.00018892835391257765,39
