feature,gain_importance,gain_share_pct,rank
candle_range,0.11502406001091003,11.502406418876584,1
atr_percent,0.06101662293076515,6.101662514698541,2
rolling_volatility_20,0.04445529356598854,4.445529518067512,3
bb_width,0.030202001333236694,3.0202002430221153,4
bb_middle,0.027903102338314056,2.790310335179887,5
return_24h,0.027601009234786034,2.7601010237298347,6
volume_ratio,0.026718350127339363,2.67183510977921,7
rolling_volatility_50,0.02654338628053665,2.6543387244634427,8
atr_14,0.02601405419409275,2.6014055138964345,9
ema_12,0.024653436616063118,2.4653437511514933,10
bb_position,0.02439655363559723,2.4396554521718645,11
sma_100,0.024346407502889633,2.434640838718966,12
sma_20,0.024257292971014977,2.4257293852078226,13
ema_26,0.02372928149998188,2.372928236186692,14
return_1h,0.02309146709740162,2.309146793612023,15
candle_body,0.02293168380856514,2.2931684641480166,16
rsi_14,0.02283332496881485,2.283332579815733,17
price_vs_sma50,0.022402603179216385,2.2402603992914365,18
sma20_vs_sma50,0.02226383425295353,2.2263835061611204,19
bb_upper,0.022257348522543907,2.225734933096601,20
volume_change,0.02209182269871235,2.209182350112229,21
bb_lower,0.02183479256927967,2.1834793362353873,22
sma50_vs_sma200,0.021683350205421448,2.1683350992995023,23
price_vs_sma20,0.021542944014072418,2.154294479654622,24
macd_histogram,0.020984668284654617,2.0984669046850963,25
sma_200,0.020240191370248795,2.0240192105404557,26
volume_sma_20,0.01953650638461113,1.9536507094207942,27
price_vs_sma200,0.01928507350385189,1.9285074204316264,28
return_3h,0.019127720966935158,1.9127721661684238,29
sma_50,0.01908010244369507,1.9080103136714568,30
macd,0.01855170726776123,1.8551707941588582,31
sma_10,0.018131880089640617,1.8131880748219182,32
return_6h,0.01811542920768261,1.8115429865663653,33
roc_12,0.018043961375951767,1.8043962031336984,34
macd_signal,0.017693474888801575,1.7693475531456568,35
body_to_range,0.01676466315984726,1.6764663768766344,36
return_12h,0.01570083387196064,1.5700834442239762,37
upper_wick,0.014968647621572018,1.4968648165256975,38
lower_wick,0.013981079682707787,1.3981080190522714,39
