symbol,horizon,model,mae,rmse,mse,r2,n,mape,mape_coverage,direction_accuracy,balanced_direction_accuracy,n_up,n_down,spearman_ic,long_short_spread,coverage_lo,coverage_hi,brier_empirical,brier_calibrated
BTCUSDT,1d,zero,0.015950374356595,0.02228691419905033,0.0004967065445158312,-0.0006778188761191739,9795,1.0,1.0,0.0,0.0,4927,4868,,0.00529967994563949,0.8884124553343543,0.8884124553343543,0.2515355055144714,0.2504997040116382
BTCUSDT,1d,mean,0.015975665596742253,0.022345694199124726,0.0004993300492407964,-0.005963199177577705,9795,1.2357837155351203,1.0,0.5030117406840224,0.5,4927,4868,-0.019840626145329016,-0.0010738353256995931,0.8888208269525268,0.8888208269525268,0.2519011158713207,0.2504997040116382
BTCUSDT,1d,trailing_mean,0.022846284075873916,0.028817789977104085,0.0008304650191644807,-0.6730762523785117,9795,7.659852237136412,1.0,0.49933639612046965,0.5003403220294859,4927,4868,0.02359338684793115,0.003898470815828492,0.8290964777947932,0.8290964777947932,0.3633986783273209,0.2504997040116382
BTCUSDT,1d,ridge,0.016511315854209837,0.022881732437182615,0.0005235736793268151,-0.05480504179868584,9795,2.5497135387509835,1.0,0.5150587034201123,0.5142969857870681,4927,4868,0.020524272106709054,0.0018189237780332171,0.8956610515569168,0.8956610515569168,0.27057862303831615,0.2504997040116382
BTCUSDT,1d,random_forest,0.018010586263032216,0.024751092097438206,0.000612616560015868,-0.23419312640953382,9795,3.558990879132611,1.0,0.5022970903522205,0.5017433868915084,4927,4868,-0.021227199819635233,-0.0007414172551093471,0.9141398672792241,0.9141398672792241,0.3239432233341378,0.2504997040116382
BTCUSDT,1d,xgboost,0.017480025333980395,0.02424889985081494,0.0005880091439748529,-0.18461839121835033,9795,3.199233580260365,1.0,0.5185298621745789,0.5177104626478384,4927,4868,-0.010140204555349842,-0.0016010906971845535,0.8938233792751403,0.8938233792751403,0.29563718493779134,0.2504997040116382
BTCUSDT,3d,zero,0.028909786050051223,0.03882216710911012,0.0015071606590476715,-0.002136832071171879,9784,1.0,1.0,0.0,0.0,4736,5048,,0.015768075840838842,0.8915576451349142,0.8915576451349142,0.25933225450208464,0.25206747303719435
BTCUSDT,3d,mean,0.02912804550413162,0.03913795776752641,0.001531779738212681,-0.018506477772063157,9784,2.02599954324492,1.0,0.48405560098119377,0.5,4736,5048,-0.06377173121763123,-0.003317759380755578,0.8866516762060507,0.8866516762060507,0.2606703088544672,0.25206747303719435
BTCUSDT,3d,trailing_mean,0.03192298337583457,0.042237152041208814,0.00178397701255219,-0.18619674758263272,9784,5.656899674796514,1.0,0.48405560098119377,0.5,4736,5048,-0.07253314846589623,-0.0041287419924339415,0.8848119378577269,0.8848119378577269,0.35670241868299757,0.25206747303719435
BTCUSDT,3d,ridge,0.030069460719877875,0.040616144774573634,0.0016496712163491252,-0.09689453263443948,9784,3.522914588625522,1.0,0.5109362224039248,0.5169342220092517,4736,5048,0.025022297240079094,0.003012615414655358,0.9029026982829109,0.9029026982829109,0.2909891469428373,0.25206747303719435
BTCUSDT,3d,random_forest,0.03423989600606369,0.04474408498070405,0.0020020331407604656,-0.3311859869344771,9784,9.832261381617192,1.0,0.49683156173344234,0.5022214109414486,4736,5048,0.003917597792356045,0.0007311695715403253,0.9084219133278822,0.9084219133278822,0.34605570946124714,0.25206747303719435
BTCUSDT,3d,xgboost,0.03387827407863224,0.04487205493520125,0.002013501314107719,-0.338811371022675,9784,5.779122780323118,1.0,0.5070523303352412,0.5125961378870947,4736,5048,-0.006150798385274703,0.0012681284121993737,0.8920686835650041,0.8920686835650041,0.3119738130215035,0.25206747303719435
BTCUSDT,7d,zero,0.04462533213949295,0.06092201806489229,0.0037114922850990622,-0.004358705727126599,9761,1.0,1.0,0.0,0.0,4675,5086,,0.03672180108977781,0.8813646142813236,0.8813646142813236,0.2730125765800399,0.2535529261959761
BTCUSDT,7d,mean,0.04548550743373094,0.061939547953740993,0.00383650760071378,-0.038188823356891444,9761,1.7144468690963863,1.0,0.47894682921831777,0.5,4675,5086,-0.10944349336066529,-0.008025858140208064,0.8653826452207766,0.8653826452207766,0.27656025795278866,0.2535529261959761
BTCUSDT,7d,trailing_mean,0.053354911768447824,0.0689953071885346,0.004760352414040253,-0.28818842182851534,9761,4.138284668438531,1.0,0.47894682921831777,0.5,4675,5086,-0.12764018996392779,-0.011311066396000904,0.8320868763446368,0.8320868763446368,0.33349207846158707,0.2535529261959761
BTCUSDT,7d,ridge,0.04711016891113066,0.06456630977173072,0.00416880835753909,-0.128111995062556,9761,2.596709571614357,1.0,0.5269951849195779,0.5344046254686767,4675,5086,0.044576170989433436,0.003694499076759117,0.9181436328245057,0.9181436328245057,0.3284571334969738,0.2535529261959761
BTCUSDT,7d,random_forest,0.05883458377228774,0.08075917477416618,0.006522044310204318,-0.7649159634227671,9761,5.583428084067709,1.0,0.46982891097223645,0.47289321004918605,4675,5086,-0.08964214888587449,-0.015371546817871107,0.8902776354881672,0.8902776354881672,0.35426829184380937,0.2535529261959761
BTCUSDT,7d,xgboost,0.06251616218505157,0.08639012788248548,0.007463254195552196,-1.019614685567717,9761,6.113462292274261,1.0,0.4981047023870505,0.49590390733921996,4675,5086,-0.03516625316471263,-0.010331517962361012,0.8223542669808421,0.8223542669808421,0.33439895482301163,0.2535529261959761
BTCUSDT,14d,zero,0.06380336218938817,0.08588981873298955,0.007377060961985804,-0.010601119458215846,9721,1.0,1.0,0.0,0.0,4587,5136,,0.06628559688457634,0.8656516819257278,0.8656516819257278,0.293026232291262,0.26149097416919737
BTCUSDT,14d,mean,0.06610476263254957,0.08890169787739044,0.007903511885482809,-0.08272088305613923,9721,2.086880899131846,1.0,0.47176797284788646,0.5,4587,5136,-0.14245681883616898,-0.013023358557681684,0.8523814422384528,0.8523814422384528,0.30224192239430275,0.26149097416919737
BTCUSDT,14d,trailing_mean,0.07274971173857456,0.09198417647906088,0.008461088722531016,-0.15910465955040398,9721,3.973895203042859,1.0,0.5129075388254654,0.5035080474278182,4587,5136,-0.03358266838434706,0.0852695535967625,0.9486678325275177,0.9486678325275177,0.481784615335277,0.26149097416919737
BTCUSDT,14d,ridge,0.06898908379695258,0.0931365472981433,0.008674416442619284,-0.1883289310920937,9721,3.951909763823527,1.0,0.5503445438650623,0.5637739171449586,4587,5136,0.15020648689930063,0.019124527514463377,0.8927065116757535,0.8927065116757535,0.3428958325096603,0.26149097416919737
BTCUSDT,14d,random_forest,0.07339605147531399,0.09740150523753369,0.009487053222537303,-0.2996539755413672,9721,4.066780397089085,1.0,0.48976653296307726,0.494152702476931,4587,5136,-0.05682855851594409,-0.01789987413971647,0.8677090834276309,0.8677090834276309,0.36332087672792485,0.26149097416919737
BTCUSDT,14d,xgboost,0.07264181000691894,0.09834620963214732,0.009671976949010268,-0.3249871164698457,9721,3.762701644114558,1.0,0.4932633960711714,0.48619549560012143,4587,5136,-0.019803318087041773,-0.018205273078807482,0.8251208723382368,0.8251208723382368,0.3016511774844435,0.26149097416919737
BTCUSDT,30d,zero,0.09732431105007,0.12720105917982663,0.01618010945646976,-0.02439888762776632,9628,1.0,0.9997922725384296,0.0,0.0,4512,5116,,0.12399329263757142,0.9006024096385542,0.9006024096385542,0.3275880392017113,0.24100756754107547
BTCUSDT,30d,mean,0.10607687012501334,0.1372536841584663,0.018838573815072028,-0.19271220708193604,9628,2.8103326158175075,0.9997922725384296,0.46863315330286665,0.5,4512,5116,-0.26109381080496885,-0.024073962724316375,0.8840880764437059,0.8840880764437059,0.34244658754091883,0.24100756754107547
BTCUSDT,30d,trailing_mean,0.1523268309440359,0.1747847978515502,0.03054972556000727,-0.9341713951441386,9628,7.294700993281236,0.9997922725384296,0.39353967594515993,0.40361815109321886,4512,5116,-0.21487088009301272,-0.012479113460227328,0.6610926464478604,0.6610926464478604,0.47111074949805704,0.24100756754107547
BTCUSDT,30d,ridge,0.11207713530726153,0.14356566318899924,0.020611099646897172,-0.3049347785854375,9628,5.371315015804809,0.9997922725384296,0.6472787702534275,0.6581308327649593,4512,5116,0.3288323833029557,0.08329425155977596,0.8928126298296635,0.8928126298296635,0.3533747524102816,0.24100756754107547
BTCUSDT,30d,random_forest,0.1204291880210448,0.16026758673735816,0.025685699358616622,-0.6262190266201721,9628,3.293225349458592,0.9997922725384296,0.44651017864561693,0.45781841767449083,4512,5116,-0.2893985375966393,-0.08203090361759544,0.7871832156211052,0.7871832156211052,0.3024236908537445,0.24100756754107547
BTCUSDT,30d,xgboost,0.1144371020727433,0.15491652485819063,0.023999129674138395,-0.5194385308927243,9628,3.9487625852656887,0.9997922725384296,0.5372870793518904,0.5403846193834944,4512,5116,-0.009816597337653195,-0.02253750350509966,0.8409846281678438,0.8409846281678438,0.2754909511942759,0.24100756754107547
BTCUSDT,60d,zero,0.14517101508183775,0.17000556535651373,0.028901892252187866,-0.1051878144875904,9456,1.0,1.0,0.0,0.0,3414,6042,,0.11834949717656709,0.7351945854483926,0.7351945854483926,0.3260169570378118,0.2846652836430298
BTCUSDT,60d,mean,0.17386403223437336,0.20126561769862517,0.04050784886760914,-0.5489913452361439,9456,4.127149662105721,1.0,0.3610406091370558,0.5,3414,6042,-0.23413138841848072,-0.045459406032220526,0.7131979695431472,0.7131979695431472,0.33333575437248464,0.2846652836430298
BTCUSDT,60d,trailing_mean,0.20346516983603816,0.24449817793441816,0.059779359013250405,-1.285920193835128,9456,7.229516838599043,1.0,0.42576142131979694,0.3693503995755546,3414,6042,-0.23413138841848072,-0.045459406032220526,0.5779399323181049,0.5779399323181049,0.34099169539482627,0.2846652836430298
BTCUSDT,60d,ridge,0.1798177487531226,0.2202004438666537,0.0484882354790713,-0.8541556563106285,9456,7.003487740085345,1.0,0.6256345177664975,0.6623957429801582,3414,6042,0.2611533706744652,0.12022428852444972,0.9442681895093062,0.9442681895093062,0.3249539864003929,0.2846652836430298
BTCUSDT,60d,random_forest,0.21217395837210204,0.2540855464120494,0.06455946489550969,-1.4687080447805445,9456,6.190475229534694,1.0,0.5527707275803723,0.591363821730604,3414,6042,-0.07177718929389697,-0.03635939203391029,0.7462986463620981,0.7462986463620981,0.42634407783698197,0.2846652836430298
BTCUSDT,60d,xgboost,0.24064013094839493,0.2886495338315063,0.08331855338114591,-2.1860422533616517,9456,6.410645889633378,1.0,0.5044416243654822,0.5685788234554952,3414,6042,0.033160139972988896,-0.005650330151961008,0.6577834179357022,0.6577834179357022,0.4153706147117022,0.2846652836430298
BTCUSDT,90d,zero,0.16818856761846382,0.1868177986055662,0.034900889875829885,-0.30433482377788557,9283,1.0,1.0,0.0,0.0,2454,6829,,0.04278980022766575,0.9385974361736508,0.9385974361736508,0.45742664060043614,0.214272551902184
BTCUSDT,90d,mean,0.22370612418472977,0.25372283734303064,0.06437527818939799,-1.4058675131653557,9283,2.652531414798264,1.0,0.2643541958418615,0.5,2454,6829,-0.22519955279352288,-0.08596398224718255,0.6274911127868146,0.6274911127868146,0.4564046768910213,0.214272551902184
BTCUSDT,90d,trailing_mean,0.25313378307716433,0.3022866521893846,0.091377220091866,-2.4149986057627144,9283,3.310928167694196,1.0,0.5781536141333621,0.49947047343398515,2454,6829,-0.21329315174496133,-0.09511409875376041,0.757729182376387,0.757729182376387,0.5849424349992419,0.214272551902184
BTCUSDT,90d,ridge,0.3282983541729253,0.3801362421893829,0.14450356262586517,-4.40046484669763,9283,6.379171981541404,1.0,0.4732306366476355,0.5299717764846525,2454,6829,0.13012420339064987,0.12668480853406414,0.6999892276203813,0.6999892276203813,0.45743012288479573,0.214272551902184
BTCUSDT,90d,random_forest,0.24957501992708578,0.2944459522405742,0.0866984187908585,-2.240139927598531,9283,5.340174040390356,1.0,0.36583001184961755,0.46793893867695696,2454,6829,-0.07414685421968475,0.01669976925271989,0.6558224711838845,0.6558224711838845,0.4779200736602803,0.214272551902184
BTCUSDT,90d,xgboost,0.25961430494151433,0.3089103664367702,0.09542561449209966,-2.566297378240979,9283,5.792483079511223,1.0,0.3579661747279974,0.4572422812582086,2454,6829,0.047768775067569914,0.09062073741250426,0.6327695787999569,0.6327695787999569,0.34128616214980667,0.214272551902184
BTCUSDT,180d,zero,0.24634223490593943,0.27313984092988514,0.07460537270320296,-0.45507077575651045,8764,1.0,1.0,0.0,0.0,1939,6825,,-0.0848199871528458,0.8112733911455956,0.8112733911455956,0.6981606171783501,0.32206817947120103
BTCUSDT,180d,mean,0.4491532073975195,0.4889840655611518,0.2391054163727128,-3.663408157923323,8764,6.901239056382872,1.0,0.22124600638977635,0.5,1939,6825,0.6350991701595959,0.20858307393201994,0.28525787311729806,0.28525787311729806,0.689980779867683,0.32206817947120103
BTCUSDT,180d,trailing_mean,0.35484113300449516,0.39969758120509435,0.159758156421203,-2.115853673461373,8764,6.925824107124537,1.0,0.33466453674121405,0.3948614802766427,1939,6825,0.1853541982685351,0.08071418962502172,0.5111821086261981,0.5111821086261981,0.6651078198774509,0.32206817947120103
BTCUSDT,180d,ridge,0.32116398487370795,0.40266388266979725,0.16213820240671625,-2.162273056315395,8764,4.238761302622782,1.0,0.6104518484710179,0.6817709366445829,1939,6825,0.5060603680851085,0.2864485397234886,0.8861250570515746,0.8861250570515746,0.2885627649647873,0.32206817947120103
BTCUSDT,180d,random_forest,0.3960919564774306,0.44562878116702653,0.19858501060440964,-2.8731157685291984,8764,8.500302231982369,1.0,0.29723870378822453,0.5487912087912088,1939,6825,0.28912806102865607,0.1869538453716811,0.8914879050661798,0.8914879050661798,0.5982706541602775,0.32206817947120103
BTCUSDT,180d,xgboost,0.4355136063891672,0.483711436680388,0.23397675397540502,-3.563380954752156,8764,8.903131455817322,1.0,0.2857142857142857,0.4507509818701155,1939,6825,0.08866193209812276,-0.005944290321950596,0.7535371976266545,0.7535371976266545,0.5654941705553869,0.32206817947120103
