horizon,model,source,n,brier,n_bins,bin_coverage_mae,calibration_slope,reliability_low,reliability_high,degenerate,analysis_source
1d,zero,empirical,9795,0.2515355055144714,10,0.04026573382635512,-0.23360286119065976,0.013780854110614804,0.06675061354209544,False,calibration_report
1d,zero,calibrated,9795,0.2504997040116382,10,0.028989515577286934,-0.07982614407416289,0.040696202679647075,0.017282828474926792,False,calibration_report
1d,mean,empirical,9795,0.2519011158713207,10,0.045470877733274906,-0.19447079355678346,0.018373628146132193,0.07256812732041762,False,calibration_report
1d,mean,calibrated,9795,0.2504997040116382,10,0.028989515577286934,-0.07982614407416289,0.040696202679647075,0.017282828474926792,False,calibration_report
1d,trailing_mean,empirical,9795,0.3633986783273209,10,0.3267768338508312,0.1702853548707181,0.35165424265414047,0.30189942504752204,False,calibration_report
1d,trailing_mean,calibrated,9795,0.2504997040116382,10,0.028989515577286934,-0.07982614407416289,0.040696202679647075,0.017282828474926792,False,calibration_report
1d,ridge,empirical,9795,0.27057862303831615,10,0.18047863501143746,0.04517090997784187,0.30832823025107164,0.33957002886886534,False,calibration_report
1d,ridge,calibrated,9795,0.2504997040116382,10,0.028989515577286934,-0.07982614407416289,0.040696202679647075,0.017282828474926792,False,calibration_report
1d,random_forest,empirical,9795,0.3239432233341378,10,0.2544320642522374,-0.02318000789289752,0.5583894672382119,0.4612184475019241,False,calibration_report
1d,random_forest,calibrated,9795,0.2504997040116382,10,0.028989515577286934,-0.07982614407416289,0.040696202679647075,0.017282828474926792,False,calibration_report
1d,xgboost,empirical,9795,0.29563718493779134,10,0.23470014098836017,-0.021583493642330046,0.24473204892678257,0.44694215973970747,False,calibration_report
1d,xgboost,calibrated,9795,0.2504997040116382,10,0.028989515577286934,-0.07982614407416289,0.040696202679647075,0.017282828474926792,False,calibration_report
3d,zero,empirical,9784,0.25933225450208464,10,0.09120851665694933,-0.4187708007707989,0.07204784974347989,0.15329443842479296,False,calibration_report
3d,zero,calibrated,9784,0.25206747303719435,10,0.025313600253008745,-0.8478376504452013,0.007349481592359153,0.043277718913658336,False,calibration_report
3d,mean,empirical,9784,0.2606703088544672,10,0.09601129613784036,-0.3714498030203267,0.0821643426925911,0.16249125019671173,False,calibration_report
3d,mean,calibrated,9784,0.25206747303719435,10,0.025313600253008745,-0.8478376504452013,0.007349481592359153,0.043277718913658336,False,calibration_report
3d,trailing_mean,empirical,9784,0.35670241868299757,10,0.32010694298026826,-0.1007955928257225,0.2615021722450128,0.4221479025572269,False,calibration_report
3d,trailing_mean,calibrated,9784,0.25206747303719435,10,0.025313600253008745,-0.8478376504452013,0.007349481592359153,0.043277718913658336,False,calibration_report
3d,ridge,empirical,9784,0.2909891469428373,10,0.21726248678298518,-0.08281527674116695,0.3277130594727161,0.35094412025742494,False,calibration_report
3d,ridge,calibrated,9784,0.25206747303719435,10,0.025313600253008745,-0.8478376504452013,0.007349481592359153,0.043277718913658336,False,calibration_report
3d,random_forest,empirical,9784,0.34605570946124714,10,0.28993989528729786,-0.14912460722590723,0.5973062671607176,0.45509520318805413,False,calibration_report
3d,random_forest,calibrated,9784,0.25206747303719435,10,0.025313600253008745,-0.8478376504452013,0.007349481592359153,0.043277718913658336,False,calibration_report
3d,xgboost,empirical,9784,0.3119738130215035,10,0.26829921540824303,-0.08262950446635202,0.6011878611740057,0.33553418748063013,False,calibration_report
3d,xgboost,calibrated,9784,0.25206747303719435,10,0.025313600253008745,-0.8478376504452013,0.007349481592359153,0.043277718913658336,False,calibration_report
7d,zero,empirical,9761,0.2730125765800399,10,0.14684102548302855,-0.7031790398684079,0.14335036593894412,0.24784880147510774,False,calibration_report
7d,zero,calibrated,9761,0.2535529261959761,10,0.043115887828182736,0.38571891695466204,0.01715618512750622,0.06907559052885925,False,calibration_report
7d,mean,empirical,9761,0.27656025795278866,10,0.15431714452010487,-0.6294647703058156,0.1614763260003882,0.25921942224953903,False,calibration_report
7d,mean,calibrated,9761,0.2535529261959761,10,0.043115887828182736,0.38571891695466204,0.01715618512750622,0.06907559052885925,False,calibration_report
7d,trailing_mean,empirical,9761,0.33349207846158707,10,0.31206232769471365,0.20793332320027896,0.20079951709809363,0.42332513829133367,False,calibration_report
7d,trailing_mean,calibrated,9761,0.2535529261959761,10,0.043115887828182736,0.38571891695466204,0.01715618512750622,0.06907559052885925,False,calibration_report
7d,ridge,empirical,9761,0.3284571334969738,10,0.28429649023104553,-0.42615663371134477,0.8136712749615975,0.5627658917872247,False,calibration_report
7d,ridge,calibrated,9761,0.2535529261959761,10,0.043115887828182736,0.38571891695466204,0.01715618512750622,0.06907559052885925,False,calibration_report
7d,random_forest,empirical,9761,0.35426829184380937,10,0.35626989140454945,-0.3628250719878596,0.6449406285811816,0.6159604689163058,False,calibration_report
7d,random_forest,calibrated,9761,0.2535529261959761,10,0.043115887828182736,0.38571891695466204,0.01715618512750622,0.06907559052885925,False,calibration_report
7d,xgboost,empirical,9761,0.33439895482301163,10,0.25204736001491035,-0.10064246230957073,0.5478131028380175,0.611909824280966,False,calibration_report
7d,xgboost,calibrated,9761,0.2535529261959761,10,0.043115887828182736,0.38571891695466204,0.01715618512750622,0.06907559052885925,False,calibration_report
14d,zero,empirical,9721,0.293026232291262,10,0.18551125433774826,-0.7145306355774492,0.1795995367989609,0.3524047600001524,False,calibration_report
14d,zero,calibrated,9721,0.26149097416919737,10,0.26088663097477993,-0.10786126579553101,0.061395465088476375,0.703133013734213,False,calibration_report
14d,mean,empirical,9721,0.30224192239430275,10,0.20124713832417218,-0.6141487002980514,0.21199694500630434,0.3733859386487177,False,calibration_report
14d,mean,calibrated,9721,0.26149097416919737,10,0.26088663097477993,-0.10786126579553101,0.061395465088476375,0.703133013734213,False,calibration_report
14d,trailing_mean,empirical,9721,0.481784615335277,10,0.4029338605292529,-0.2314682019692334,0.5819444920596829,0.6202233345141911,False,calibration_report
14d,trailing_mean,calibrated,9721,0.26149097416919737,10,0.26088663097477993,-0.10786126579553101,0.061395465088476375,0.703133013734213,False,calibration_report
14d,ridge,empirical,9721,0.3428958325096603,10,0.23600303308270776,-0.2022788713731101,0.49825156844595286,0.6204137587498395,False,calibration_report
14d,ridge,calibrated,9721,0.26149097416919737,10,0.26088663097477993,-0.10786126579553101,0.061395465088476375,0.703133013734213,False,calibration_report
14d,random_forest,empirical,9721,0.36332087672792485,10,0.32032718782319325,-0.36757961734643635,0.9696081456340636,0.6089533916333117,False,calibration_report
14d,random_forest,calibrated,9721,0.26149097416919737,10,0.26088663097477993,-0.10786126579553101,0.061395465088476375,0.703133013734213,False,calibration_report
14d,xgboost,empirical,9721,0.3016511774844435,10,0.2576360559728272,-0.02512261561297948,0.5205016999042491,0.3655110913386065,False,calibration_report
14d,xgboost,calibrated,9721,0.26149097416919737,10,0.26088663097477993,-0.10786126579553101,0.061395465088476375,0.703133013734213,False,calibration_report
30d,zero,empirical,9628,0.3275880392017113,10,0.3022015054004253,-1.1398975578774384,0.2832126641484377,0.4827376464453614,False,calibration_report
30d,zero,calibrated,9628,0.24100756754107547,10,0.18848607933496103,1.6679857700484706,0.7032122178156988,0.11202087238798564,False,calibration_report
30d,mean,empirical,9628,0.34244658754091883,10,0.3740442217909069,-1.0288034244612614,0.25818791952823084,0.48990052405358303,False,calibration_report
30d,mean,calibrated,9628,0.24100756754107547,10,0.18848607933496103,1.6679857700484706,0.7032122178156988,0.11202087238798564,False,calibration_report
30d,trailing_mean,empirical,9628,0.47111074949805704,10,0.46417124661644893,-0.3647836766648225,0.44769864545684884,0.7141297361370464,False,calibration_report
30d,trailing_mean,calibrated,9628,0.24100756754107547,10,0.18848607933496103,1.6679857700484706,0.7032122178156988,0.11202087238798564,False,calibration_report
30d,ridge,empirical,9628,0.3533747524102816,10,0.3430044664717019,0.06433702731003499,0.2461055878268434,0.2533284930943944,False,calibration_report
30d,ridge,calibrated,9628,0.24100756754107547,10,0.18848607933496103,1.6679857700484706,0.7032122178156988,0.11202087238798564,False,calibration_report
30d,random_forest,empirical,9628,0.3024236908537445,10,0.2870932441890628,-0.3189936077177087,0.6347757562351379,0.43405503906904097,False,calibration_report
30d,random_forest,calibrated,9628,0.24100756754107547,10,0.18848607933496103,1.6679857700484706,0.7032122178156988,0.11202087238798564,False,calibration_report
30d,xgboost,empirical,9628,0.2754909511942759,10,0.16048892698992967,0.3109439814691491,0.13242026269867374,0.29548852225064826,False,calibration_report
30d,xgboost,calibrated,9628,0.24100756754107547,10,0.18848607933496103,1.6679857700484706,0.7032122178156988,0.11202087238798564,False,calibration_report
60d,zero,empirical,9456,0.3260169570378118,10,0.3269824705662643,-0.30342064543357267,0.4075454486179466,0.22489307983211532,False,calibration_report
60d,zero,calibrated,9456,0.2846652836430298,10,0.33309283360571507,-0.4709678741835718,0.33805407738263615,0.535248172534789,False,calibration_report
60d,mean,empirical,9456,0.33333575437248464,10,0.3340654369673444,-0.2976269914916205,0.43989559133916456,0.216012648496879,False,calibration_report
60d,mean,calibrated,9456,0.2846652836430298,10,0.33309283360571507,-0.4709678741835718,0.33805407738263615,0.535248172534789,False,calibration_report
60d,trailing_mean,empirical,9456,0.34099169539482627,10,0.33138455077027595,0.2439379003083981,0.33138455077027595,0.33138455077027595,False,calibration_report
60d,trailing_mean,calibrated,9456,0.2846652836430298,10,0.33309283360571507,-0.4709678741835718,0.33805407738263615,0.535248172534789,False,calibration_report
60d,ridge,empirical,9456,0.3249539864003929,10,0.23499827229469478,0.2369819922047679,0.05375514467902994,0.5861111314599627,False,calibration_report
60d,ridge,calibrated,9456,0.2846652836430298,10,0.33309283360571507,-0.4709678741835718,0.33805407738263615,0.535248172534789,False,calibration_report
60d,random_forest,empirical,9456,0.42634407783698197,10,0.4426135055839592,0.011804175578367077,0.338007007205892,0.5877221315289123,False,calibration_report
60d,random_forest,calibrated,9456,0.2846652836430298,10,0.33309283360571507,-0.4709678741835718,0.33805407738263615,0.535248172534789,False,calibration_report
60d,xgboost,empirical,9456,0.4153706147117022,10,0.4149489758966795,-0.08315738414864651,0.4826416731001632,0.6211776896437663,False,calibration_report
60d,xgboost,calibrated,9456,0.2846652836430298,10,0.33309283360571507,-0.4709678741835718,0.33805407738263615,0.535248172534789,False,calibration_report
90d,zero,empirical,9283,0.45742664060043614,10,0.44395057886457673,-0.22636470807862372,0.3739903069466882,0.8062503589729665,False,calibration_report
90d,zero,calibrated,9283,0.214272551902184,10,0.3010793998906261,1.1232749892676073,0.22271181947627708,0.7046774265500256,False,calibration_report
90d,mean,empirical,9283,0.4564046768910213,10,0.4394271539857399,-0.22551322574715071,0.3739903069466882,0.8068965625270859,False,calibration_report
90d,mean,calibrated,9283,0.214272551902184,10,0.3010793998906261,1.1232749892676073,0.22271181947627708,0.7046774265500256,False,calibration_report
90d,trailing_mean,empirical,9283,0.5849424349992419,10,0.6011934437003333,-0.18887599820415812,0.3739903069466882,0.8446994704430797,False,calibration_report
90d,trailing_mean,calibrated,9283,0.214272551902184,10,0.3010793998906261,1.1232749892676073,0.22271181947627708,0.7046774265500256,False,calibration_report
90d,ridge,empirical,9283,0.45743012288479573,10,0.39233981466312323,0.05885449510223341,0.23198888127240608,0.6775632499653526,False,calibration_report
90d,ridge,calibrated,9283,0.214272551902184,10,0.3010793998906261,1.1232749892676073,0.22271181947627708,0.7046774265500256,False,calibration_report
90d,random_forest,empirical,9283,0.4779200736602803,10,0.2825207792563361,-0.17296852203896515,0.09501500115393492,0.8389582057493218,False,calibration_report
90d,random_forest,calibrated,9283,0.214272551902184,10,0.3010793998906261,1.1232749892676073,0.22271181947627708,0.7046774265500256,False,calibration_report
90d,xgboost,empirical,9283,0.34128616214980667,10,0.27814907760376373,0.057891403022822634,0.017501346257404415,0.5180488897798428,False,calibration_report
90d,xgboost,calibrated,9283,0.214272551902184,10,0.3010793998906261,1.1232749892676073,0.22271181947627708,0.7046774265500256,False,calibration_report
180d,zero,empirical,8764,0.6981606171783501,10,0.6546600257750785,-0.8014679791875767,0.4827173169062286,0.8266027346439285,False,calibration_report
180d,zero,calibrated,8764,0.32206817947120103,10,0.5440080884836597,1.6805560005327103,0.4871550114714914,0.8180612670503173,False,calibration_report
180d,mean,empirical,8764,0.689980779867683,10,0.6468742625991717,-0.7198034116510589,0.4703969883641343,0.8233515368342091,False,calibration_report
180d,mean,calibrated,8764,0.32206817947120103,10,0.5440080884836597,1.6805560005327103,0.4871550114714914,0.8180612670503173,False,calibration_report
180d,trailing_mean,empirical,8764,0.6651078198774509,10,0.5813369593821971,-0.16307190973157049,0.3297399041752225,0.8329340145891717,False,calibration_report
180d,trailing_mean,calibrated,8764,0.32206817947120103,10,0.5440080884836597,1.6805560005327103,0.4871550114714914,0.8180612670503173,False,calibration_report
180d,ridge,empirical,8764,0.2885627649647873,10,0.30869017242171043,0.5095649023410179,0.038636209140471445,0.4667104278713021,False,calibration_report
180d,ridge,calibrated,8764,0.32206817947120103,10,0.5440080884836597,1.6805560005327103,0.4871550114714914,0.8180612670503173,False,calibration_report
180d,random_forest,empirical,8764,0.5982706541602775,10,0.5164863943050744,-0.21552799819002505,0.1500965389081731,0.8131346140113129,False,calibration_report
180d,random_forest,calibrated,8764,0.32206817947120103,10,0.5440080884836597,1.6805560005327103,0.4871550114714914,0.8180612670503173,False,calibration_report
180d,xgboost,empirical,8764,0.5654941705553869,10,0.3281790023965438,-0.06775697452823909,0.058025155698321375,0.8168196482309149,False,calibration_report
180d,xgboost,calibrated,8764,0.32206817947120103,10,0.5440080884836597,1.6805560005327103,0.4871550114714914,0.8180612670503173,False,calibration_report
