horizon,model,regime,n,rmse,mae,direction_accuracy,mean_actual_return,mean_predicted,hit_rate_ci_lower,hit_rate_ci_upper,std_actual_return,source
1d,ridge,vol_q1,2448,0.01824409337564354,0.013039041719399933,0.5629084967320261,0.0014282291906266712,-3.7076852793843255e-05,0.5431754042153701,0.582444456382476,0.01857975821562561,analyse
1d,ridge,vol_q2,2449,0.01990970932943442,0.01528309852068955,0.47529603919967334,-0.001132157145809459,0.0007196270270876398,0.4555713410442573,0.4950981192258231,0.019434741255118154,analyse
1d,ridge,vol_q3,2449,0.022518810697107827,0.017099329134771756,0.5230706410779911,-0.0005719162731255712,0.0017002654789842603,0.5032680323559277,0.5428009840860637,0.02199274017240272,analyse
1d,ridge,vol_q4,2449,0.029289529425689822,0.020622376208521663,0.49897917517354023,-0.0020435047635998247,0.0039412367280186895,0.47919329709500486,0.5187682508500399,0.027805605881547978,analyse
1d,ridge,trend_q1,2448,0.027126442644115907,0.019225986678038324,0.4930555555555556,-0.0016568042448110284,0.0030265711368978815,0.47327678939615414,0.5128560831352523,0.025540460515440396,analyse
1d,ridge,trend_q2,2449,0.0215223958713751,0.015584857432533778,0.5153123723968966,-0.0008551190931733336,-1.8284227550943613e-05,0.49551013910497443,0.5350666417193559,0.021195961184197976,analyse
1d,ridge,trend_q3,2449,0.02197376271518171,0.016178911571498016,0.5349122090649244,0.001191490696822356,0.0015204872054558425,0.5151182318129702,0.5545968284665032,0.022063133711578666,analyse
1d,ridge,trend_q4,2449,0.020309547783150174,0.01505661621611827,0.5169456921192324,-0.001000176062234718,0.0017965292456649305,0.497142983687292,0.536695320424967,0.019835273483104713,analyse
3d,ridge,vol_q1,2446,0.03951259603338062,0.02638138634121307,0.5723630417007359,0.0041321831721246585,0.0027683791154541415,0.5526580658492253,0.591841072380773,0.04058603716410016,analyse
3d,ridge,vol_q2,2446,0.03593842523621648,0.028220664409724205,0.4570727718724448,-0.002649945776271751,0.003647655574025189,0.4374134477106844,0.47686672452575746,0.033212659123311235,analyse
3d,ridge,vol_q3,2446,0.03919387284949801,0.030471905391145533,0.5278004905968929,-0.004598137484795748,0.005167848225189221,0.5079878472686258,0.5475259459496787,0.036784880414772035,analyse
3d,ridge,vol_q4,2446,0.047007547720527135,0.03520388673742869,0.48650858544562553,-0.004054798213021623,0.00847858327020144,0.46673730920894274,0.5063221734939392,0.04319684175969692,analyse
3d,ridge,trend_q1,2446,0.04146898371708629,0.03094140388023811,0.5613246116107932,-0.0004186523612186201,0.005707711490760195,0.5415780687216291,0.5808788280834541,0.03918639153847307,analyse
3d,ridge,trend_q2,2446,0.034881070519045654,0.02626820701643799,0.49427636958299265,-0.003681971795638288,0.002643652725673759,0.47448701015654987,0.5140836794749758,0.03311162180190683,analyse
3d,ridge,trend_q3,2446,0.042370514270851777,0.030139007439858378,0.5327064595257563,-0.0005212647035071551,0.005589312492224168,0.5128978812105941,0.552412463752117,0.04098330456444081,analyse
3d,ridge,trend_q4,2446,0.04320947459455441,0.03292922454297702,0.455437448896157,-0.0025488094416003994,0.006121789476211872,0.4357863675767743,0.475228287411532,0.04121911678288843,analyse
7d,ridge,vol_q1,2440,0.06977346518740994,0.04612180741582985,0.5647540983606557,0.008677408448720452,0.0023239220882277966,0.5449950740369452,0.5843095421051157,0.06970119487942122,analyse
7d,ridge,vol_q2,2440,0.06021430000527068,0.04513286808954596,0.47418032786885245,-0.008213148950996691,0.0058547318108027185,0.4544234020493833,0.49401842822308617,0.05589126032563321,analyse
7d,ridge,vol_q3,2440,0.06101119050957113,0.04672304987039718,0.5831967213114754,-0.00853309464728395,0.008837610526190039,0.5635179385785555,0.6026139416545987,0.05750604598391098,analyse
7d,ridge,vol_q4,2441,0.06677313011570044,0.05046157674095055,0.48586644817697666,-0.00798299693633926,0.012868807450423314,0.46607669787744865,0.5057006148122569,0.05730410743362459,analyse
7d,ridge,trend_q1,2440,0.07154490975805348,0.0533669329691514,0.521311475409836,-0.009481696550894966,0.010476420034782531,0.501472041301373,0.5410839083150014,0.06383576464564956,analyse
7d,ridge,trend_q2,2440,0.065556548064204,0.047649754766138926,0.5163934426229508,-0.002623229260608358,0.006040083774191019,0.4965543936167939,0.5361809522419557,0.062267507688384245,analyse
7d,ridge,trend_q3,2440,0.06429173344026413,0.04565260919865975,0.5450819672131147,-0.002966986620581182,0.006803198483373056,0.5252677968607308,0.5647544042508307,0.062304931966791134,analyse
7d,ridge,trend_q4,2441,0.05590973758646625,0.041773565842977554,0.5251945923801721,-0.0009827885916611273,0.006567951901145327,0.5053602763967345,0.5449497314172687,0.05395957020710981,analyse
14d,ridge,vol_q1,2430,0.10138096285372054,0.07515194547417116,0.5650205761316872,0.01588915505710331,0.005597951860666684,0.5452217535669807,0.5846141404369676,0.09981806966029003,analyse
14d,ridge,vol_q2,2430,0.0973525457542394,0.07064248879623719,0.5230452674897119,-0.021696103548239455,0.012799726341283481,0.5031653656412436,0.5428524195753457,0.08561963606408805,analyse
14d,ridge,vol_q3,2430,0.08644224772649632,0.06444774340697738,0.5831275720164609,-0.018963947918777084,0.023456270221206246,0.5634077790646288,0.6025849461809254,0.07704829220382349,analyse
14d,ridge,vol_q4,2431,0.08647137308210297,0.06576312537550022,0.530234471410942,-0.010425292939710392,0.029279600879880303,0.5103625296641023,0.5500110075713384,0.07144596155044623,analyse
14d,ridge,trend_q1,2430,0.09518721586238674,0.07162625718008918,0.5522633744855967,-0.013094223574506916,0.01993700375530792,0.5324249216167412,0.5719368412851668,0.08383752227481735,analyse
14d,ridge,trend_q2,2430,0.10112736586728925,0.07508672782654036,0.5209876543209877,-0.0016954336084647793,0.017039535630587088,0.5011074028457319,0.5408016515479478,0.09351825039440394,analyse
14d,ridge,trend_q3,2430,0.09745969847141363,0.07157197695053402,0.5489711934156378,-0.007411027079159727,0.015234617268833425,0.5291246485741353,0.5686631450111168,0.0922046300456263,analyse
14d,ridge,trend_q4,2431,0.07694203119130982,0.05772364952199957,0.579185520361991,-0.012994447822108499,0.01892665312063719,0.5594503081122504,0.5986708608377135,0.06966379394901198,analyse
30d,ridge,vol_q1,2407,0.14810811170657237,0.1168743859105292,0.6427087660988783,-0.004111070189999637,0.005910106863438488,0.6233511113207097,0.6616116170476741,0.1445070022306886,analyse
30d,ridge,vol_q2,2407,0.14809558149049418,0.1159556706540743,0.6609887827170752,-0.037357745199497486,0.023288946248929316,0.6418342528734778,0.6796302514722244,0.1323472132601789,analyse
30d,ridge,vol_q3,2407,0.14275755707354779,0.110038782351301,0.6663896967179062,-0.025919321344936325,0.05663864414364181,0.6473011334399369,0.6849479865354279,0.1215884687110187,analyse
30d,ridge,vol_q4,2407,0.13489390080981165,0.10543970231314162,0.6190278354798504,-0.01113564066792366,0.0715764446318686,0.5994518995551013,0.6382244372063018,0.09672791519265615,analyse
30d,ridge,trend_q1,2407,0.14199515085327774,0.10974548349358802,0.6709597008724554,-0.022367575071625047,0.04387470219976924,0.6519291192241665,0.6894454447455278,0.1207457685703061,analyse
30d,ridge,trend_q2,2407,0.1572697375451237,0.12174374293855686,0.6256751142501039,-0.0187907064209841,0.03639499313312239,0.6061554450059196,0.644794264838145,0.1331025938495109,analyse
30d,ridge,trend_q3,2407,0.14356604776695872,0.11446666920546122,0.6647278770253428,-0.015136128461534134,0.027833925513198216,0.6456187226498582,0.6833120540548412,0.13607419411563323,analyse
30d,ridge,trend_q4,2407,0.13014144344829903,0.10235264559144006,0.6277523888658081,-0.022229367448213817,0.04931052104178839,0.6082510975010627,0.6468465414313335,0.11116657988187521,analyse
60d,ridge,vol_q1,2364,0.21380000280885478,0.17732884844123803,0.6112521150592216,-0.08031194137968797,-0.04323936808735372,0.5914361036053399,0.6307071343544964,0.15503488883581767,analyse
60d,ridge,vol_q2,2364,0.20931514508682664,0.1708526060213838,0.6522842639593909,-0.06472368116677689,0.0005095773584003829,0.632852877955928,0.6712215162096277,0.16823747702422318,analyse
60d,ridge,vol_q3,2364,0.22352134645979882,0.18458253768627025,0.6383248730964467,-0.045611968172775685,0.07733085882361916,0.6187456334547431,0.6574552745789699,0.16391221975775547,analyse
60d,ridge,vol_q4,2364,0.23338354361286534,0.18650700286359836,0.6006768189509306,-0.019143867708134036,0.11863969813127671,0.5807857404621054,0.6202412201251231,0.15283315018440582,analyse
60d,ridge,trend_q1,2364,0.2223051894657172,0.18205562454239632,0.5939086294416244,-0.032178713680089566,0.06971178469454477,0.5739745388890574,0.6135380041797021,0.16180105489095212,analyse
60d,ridge,trend_q2,2364,0.23894498080431822,0.19666780778973333,0.6040609137055838,-0.06586745719194208,0.02484641078159632,0.584192809162477,0.6235913601839861,0.1637872606566815,analyse
60d,ridge,trend_q3,2364,0.21672542760260396,0.17692766030785864,0.6404399323181049,-0.05934847433443618,0.005270321417594077,0.6208819484419151,0.6595422150663195,0.15868072405809253,analyse
60d,ridge,trend_q4,2364,0.20116841161521676,0.16361990237250212,0.6641285956006768,-0.052396813220906745,0.053412249332207375,0.6448368642793143,0.6828877605435624,0.16069999114536374,analyse
90d,random_forest,vol_q1,2320,0.2933471162928755,0.25398499861418233,0.35,-0.11651127642282931,0.07006382794044191,0.3308534498219396,0.36964248759479307,0.14027895575982063,analyse
90d,random_forest,vol_q2,2321,0.285730138206508,0.243639413189778,0.3653597587246876,-0.10590836926417735,0.08635209785825457,0.3460067971807034,0.3851576830144203,0.14405686914626117,analyse
90d,random_forest,vol_q3,2321,0.2945201648330072,0.24728827244071436,0.34467901766479964,-0.08538652033621347,0.12805350889934508,0.32561455797974337,0.36425678637335135,0.1654011655716287,analyse
90d,random_forest,vol_q4,2321,0.30390298924689524,0.2533892954975709,0.4032744506678156,-0.053165521665583006,0.16586377149050893,0.3834926350494571,0.4233759275227198,0.19222635857959217,analyse
90d,random_forest,trend_q1,2320,0.3048356957086636,0.2610273598765826,0.40301724137931033,-0.05652822257413113,0.16432377238002574,0.3832336906497404,0.4231214413007333,0.1809484015642844,analyse
90d,random_forest,trend_q2,2321,0.3015895751908313,0.2599428812299509,0.3373545885394227,-0.09834543951220859,0.104335931538802,0.31840191347338864,0.3568447786023209,0.15952036455360144,analyse
90d,random_forest,trend_q3,2321,0.2901851967279557,0.2458652294785551,0.35932787591555365,-0.1041089375470513,0.09109736244807935,0.340054981190051,0.3790656677178143,0.1504836246045492,analyse
90d,random_forest,trend_q4,2321,0.2805491688647694,0.23146954334985945,0.36363636363636365,-0.10196324443031575,0.0906167516029616,0.3443059394940913,0.3834174460475301,0.15720257482057484,analyse
180d,ridge,vol_q1,2191,0.3453711804922553,0.26976905216834285,0.6303057964399817,-0.2250466024376905,-0.15295147560891226,0.609881083148263,0.6502743649715468,0.18492822141839038,analyse
180d,ridge,vol_q2,2191,0.3641494508102095,0.2878518709470858,0.6289365586490188,-0.18519837596466196,-0.06270980011931009,0.6084988936647918,0.6489228719879095,0.2163953684567491,analyse
180d,ridge,vol_q3,2191,0.42591324559332305,0.3464847708559517,0.6006389776357828,-0.1348154721866655,0.04762145875373553,0.5799719737524583,0.6209536875800041,0.21855607776466188,analyse
180d,ridge,vol_q4,2191,0.46396620783741954,0.38055024552345146,0.581926061159288,-0.06594130422335971,0.1665451957256763,0.5611466720119272,0.6024186622700547,0.24949678089358154,analyse
180d,ridge,trend_q1,2191,0.4310059652105412,0.35188271741158816,0.5842081241442264,-0.13890997371927769,0.057323750454409524,0.5634407971414017,0.6046806745857608,0.22748891958502823,analyse
180d,ridge,trend_q2,2191,0.40246674355270845,0.3179669163232071,0.5641259698767686,-0.1817277524686353,0.0015805163037109415,0.543267969666219,0.5847594925433545,0.21037062309078366,analyse
180d,ridge,trend_q3,2191,0.3734204578677264,0.2979245593076108,0.6513007759014149,-0.16079794560752753,-0.06386123521935277,0.6310966945447029,0.6709752180707679,0.22224465406278213,analyse
180d,ridge,trend_q4,2191,0.40170181672445904,0.3168817464524259,0.6421725239616614,-0.12956608301693717,0.003462347212421816,0.6218673908765826,0.661979971958166,0.24114392753691763,analyse
