horizon,column,n,mean,std,median,p05,p25,p75,p95,min,max,positive_fraction,skew,excess_kurtosis,source
1d,target,9795,-0.0005800422573122785,0.022280502160734957,0.00013229908784229139,-0.03433227082804683,-0.012729212658376843,0.010752449426176036,0.035338782238628005,-0.14017431361060217,0.12192683309102881,0.5030117406840224,0.033845589743135854,3.0369097228393054,return_distribution_report
1d,zero_pred,9795,0.0,0.0,0.0,0.0,0.0,0.0,0.0,0.0,0.0,0.0,,,return_distribution_report
1d,mean_pred,9795,0.0010214779241245885,0.00017885908208137437,0.0009774770604134232,0.0008277727676346512,0.0008277727676346512,0.0012591839443256915,0.0012591839443256915,0.0008277727676346512,0.0012591839443256915,1.0,0.3541951401874126,-1.500153170632084,return_distribution_report
1d,trailing_mean_pred,9795,-0.011558209324398924,0.015169678780472014,-0.015437938987585983,-0.027890023793302476,-0.027890023793302476,0.008653334807691685,0.008653334807691685,-0.027890023793302476,0.008653334807691685,0.3333333333333333,0.3669773580118415,-1.5001531706320852,return_distribution_report
1d,ridge_pred,9795,0.0015811782908268022,0.005489840378100587,0.001467094534684485,-0.006755934760249261,-0.001668443167052008,0.004449765023423293,0.010282255347108336,-0.01749447988528001,0.06045951715410405,0.6265441551812149,0.9440309962454237,5.97522671709962,return_distribution_report
1d,random_forest_pred,9795,0.001732626470319236,0.009808018348372484,0.0022122634944398128,-0.014354802637972902,-0.004114847430951637,0.008524823210489512,0.015686947758241733,-0.04953011808969283,0.06700211540010548,0.5919346605410923,-0.37996640095633333,2.2895462830190425,return_distribution_report
1d,xgboost_pred,9795,0.002925675081623337,0.008796845179575158,0.0019165347330272198,-0.009459262806922197,-0.0019276223029009998,0.006612487602978945,0.019624887965619554,-0.03609630838036537,0.08504163473844528,0.6361408882082695,0.6637662052662147,4.820301434370409,return_distribution_report
3d,target,9784,-0.0017926745754911152,0.03878273723664844,-0.0014932528800565281,-0.06481588941424851,-0.02361843586327339,0.021443444220540286,0.05480038430485026,-0.2010290758244272,0.23270507256903317,0.48405560098119377,0.19194697233677488,3.436055528410159,return_distribution_report
3d,zero_pred,9784,0.0,0.0,0.0,0.0,0.0,0.0,0.0,0.0,0.0,0.0,,,return_distribution_report
3d,mean_pred,9784,0.003073830293379423,0.0005981988798985511,0.002795517415018384,0.0025212630261346445,0.0025212630261346445,0.003904879886169307,0.003904879886169307,0.0025212630261346445,0.003904879886169307,1.0,0.597513558404571,-1.4999615627031837,return_distribution_report
3d,trailing_mean_pred,9784,0.01204891848732884,0.0077403860530959444,0.012632427653587741,0.002290559885202594,0.002290559885202594,0.02122358898754263,0.02122358898754263,0.002290559885202594,0.02122358898754263,1.0,-0.1127065998640881,-1.4999982029140666,return_distribution_report
3d,ridge_pred,9784,0.005015616546217499,0.011162933529230123,0.004794469086733462,-0.012836621391118202,-0.0019584723869057854,0.011155841320281044,0.023979661252876563,-0.03639300754101657,0.10167714091797643,0.687551103843009,0.5786927803162021,2.59157266138667,return_distribution_report
3d,random_forest_pred,9784,0.00655389851022807,0.019890068296663715,0.008901458079288755,-0.03201728418969286,-0.004768993412416696,0.01983403638309068,0.03407537819887238,-0.0667374856571213,0.05557509465550815,0.6689493049877351,-0.8336240812754242,1.249436304673175,return_distribution_report
3d,xgboost_pred,9784,0.006313751479976265,0.020953798241235173,0.008205959107726812,-0.032902208343148234,-0.0034290747134946287,0.017995402216911316,0.038831272535026086,-0.06687745451927185,0.06919443607330322,0.6734464431725266,-0.3294477907379558,0.5357254245981955,return_distribution_report
7d,target,9761,-0.004013364746084521,0.06079279409638578,-0.002404483616452513,-0.10761067144066283,-0.03754912028749602,0.03043471928253627,0.08429747490353856,-0.2568252676663576,0.25926306652954123,0.47894682921831777,0.2807293754392424,2.4401609312171306,return_distribution_report
7d,zero_pred,9761,0.0,0.0,0.0,0.0,0.0,0.0,0.0,0.0,0.0,0.0,,,return_distribution_report
7d,mean_pred,9761,0.007044553615739077,0.0011248550916811483,0.006680602240511037,0.005885483121320549,0.005885483121320549,0.008567463638005429,0.008567463638005429,0.005885483121320549,0.008567463638005429,1.0,0.4514145400755418,-1.5003362529456408,return_distribution_report
7d,trailing_mean_pred,9761,0.02329530747750312,0.015527934046627301,0.030076590991183826,0.0018137956705615206,0.0018137956705615206,0.0379889341998338,0.0379889341998338,0.0018137956705615206,0.0379889341998338,1.0,-0.5722963999795752,-1.4997698701367053,return_distribution_report
7d,ridge_pred,9761,0.007471820938840434,0.01902111923968275,0.007542438335777801,-0.022563591451169818,-0.00414353264934444,0.01739209543226206,0.04097719534634575,-0.06867043474085086,0.1679659665806793,0.6745210531707817,0.6293284936796119,2.7148471381481816,return_distribution_report
7d,random_forest_pred,9761,-0.001471745207495048,0.04400814415224698,0.0068624154218029166,-0.12422896498854685,-0.014490579787037987,0.025945303096361214,0.04651234810013882,-0.18590282293470783,0.0738849808394108,0.5739166069050302,-2.0140817400863598,4.863682711683292,return_distribution_report
7d,xgboost_pred,9761,-0.010908449155033586,0.054319568069133795,-0.004158882424235344,-0.13472957909107208,-0.02514474466443062,0.023237137123942375,0.0570879802107811,-0.2071138471364975,0.11245354264974594,0.44790492777379365,-1.0819863153982245,1.174477411134422,return_distribution_report
14d,target,9721,-0.00879921462941314,0.0854511354862683,-0.004454773230313069,-0.1710659838957087,-0.05537019018857481,0.0405390071976357,0.11143180351290138,-0.29756485257259213,0.2739448863065883,0.47176216438638,-0.011817457909254595,0.9571448506423668,return_distribution_report
14d,zero_pred,9721,0.0,0.0,0.0,0.0,0.0,0.0,0.0,0.0,0.0,0.0,,,return_distribution_report
14d,mean_pred,9721,0.013873945098849988,0.002903287908099557,0.013100791353489507,0.010769090803871458,0.010769090803871458,0.017752911427551636,0.017752911427551636,0.010769090803871458,0.017752911427551636,1.0,0.38094594568895357,-1.5000508022581758,return_distribution_report
14d,trailing_mean_pred,9721,-0.026258609810357346,0.034008463593818115,-0.02565668230895156,-0.06821116950442725,-0.06821116950442725,0.015079263779347004,0.015079263779347004,-0.06821116950442725,0.015079263779347004,0.33340191338339675,-0.026922746395406306,-1.5002180496965567,return_distribution_report
14d,ridge_pred,9721,0.017784569942110803,0.03377031879483537,0.020223949273099357,-0.042857062338273494,-0.0018745315504308593,0.038941561228700766,0.06906640925801603,-0.08465739568200864,0.2433505990479185,0.73418372595412,0.0015597444119941622,1.027237896387403,return_distribution_report
14d,random_forest_pred,9721,0.012196645170884462,0.03627938615144017,0.00724726034660952,-0.035230068220873816,-0.015790840312422737,0.03895304465825149,0.0704909252451884,-0.10601594023777938,0.16139452977836427,0.57812982203477,0.36629809933211294,0.3445371650870208,return_distribution_report
14d,xgboost_pred,9721,-0.01047251338659645,0.04559196946387569,-0.008272235281765461,-0.08688312768936157,-0.035062193870544434,0.011957268230617046,0.06282871216535568,-0.1839338093996048,0.18903447687625885,0.37557864417241027,0.008737239157300828,0.8997682313708122,return_distribution_report
30d,target,9628,-0.01963094435058928,0.12568363517552214,-0.007685517152377475,-0.24076409513648944,-0.09666480730774196,0.05132982194241975,0.20970315093997896,-0.32894696279823443,0.27278738026470983,0.46863315330286665,-0.11175522736566974,-0.3473405122414044,return_distribution_report
30d,zero_pred,9628,0.0,0.0,0.0,0.0,0.0,0.0,0.0,0.0,0.0,0.0,,,return_distribution_report
30d,mean_pred,9628,0.03201397716001376,0.006129956761230973,0.029357462906120704,0.026197227538001584,0.026197227538001584,0.04048905367213653,0.04048905367213653,0.026197227538001584,0.04048905367213653,1.0,0.569016742059223,-1.4999720338304674,return_distribution_report
30d,trailing_mean_pred,9628,0.02502948873571957,0.09949551564527014,0.03306009046734413,-0.1006449789951785,-0.1006449789951785,0.14267085221030262,0.14267085221030262,-0.1006449789951785,0.14267085221030262,0.6667012879102617,-0.12060646928445039,-1.4999979164734338,return_distribution_report
30d,ridge_pred,9628,0.039353535471969556,0.07908247664875918,0.04050246264787369,-0.07934810199500614,-0.020719028468269184,0.08957036578926139,0.17271174269572676,-0.20771811985321265,0.4600616612912344,0.6630660573327793,0.3369063039069479,0.48662525025565406,return_distribution_report
30d,random_forest_pred,9628,0.01616007440198626,0.05996006414365906,0.017870356732669374,-0.08211559489301071,-0.014246732244967702,0.0403046368404738,0.14395822220735152,-0.14031722715333647,0.21180066492754626,0.6829040299127545,0.5982820721774744,1.4650288225714778,return_distribution_report
30d,xgboost_pred,9628,0.013470378229934387,0.07309120849053466,0.01017042389139533,-0.10489526763558388,-0.03764863312244415,0.061498355120420456,0.14401639625430102,-0.18677793443202972,0.22553764283657074,0.5468425425841297,0.23666570461081515,-0.23578957013625468,return_distribution_report
60d,target,9456,-0.052447864606843635,0.161721611420928,-0.06831373500112381,-0.2516287360625582,-0.2015362260042673,0.055143386455407006,0.2548647832135677,-0.3040583632049052,0.37716682783491495,0.3610406091370558,0.5625489307789214,-0.6476731145175183,return_distribution_report
60d,zero_pred,9456,0.0,0.0,0.0,0.0,0.0,0.0,0.0,0.0,0.0,0.0,,,return_distribution_report
60d,mean_pred,9456,0.06376078121830443,0.008350932148072792,0.06516010625208683,0.052905949761942045,0.052905949761942045,0.07321628764088439,0.07321628764088439,0.052905949761942045,0.07321628764088439,1.0,-0.24669446928284533,-1.5001586629997863,return_distribution_report
60d,trailing_mean_pred,9456,-0.0741945244339157,0.14297883729164276,-0.08776383727055988,-0.24211843772054084,-0.24211843772054084,0.10729870168935361,0.10729870168935361,-0.24211843772054084,0.10729870168935361,0.3333333333333333,0.1415315734387877,-1.5001586629997883,return_distribution_report
60d,ridge_pred,9456,0.03831019155648564,0.17880173665009846,0.04499506255620346,-0.24991626597466887,-0.09434879610192057,0.16282800086043767,0.32088880246044194,-0.4880857879765929,1.0226903909801186,0.5871404399323181,0.12557942787589635,0.10534128122821373,return_distribution_report
60d,random_forest_pred,9456,0.06023200358925037,0.15622025937832518,0.07059460744094478,-0.1751005039264629,-0.08483753894492915,0.21020155739432245,0.28556888480778597,-0.19998580523478643,0.3272247210962997,0.6134729272419628,-0.07800124585553309,-1.3568853546499828,return_distribution_report
60d,xgboost_pred,9456,0.11726212214093246,0.18680300363688906,0.1061965562403202,-0.1555982604622841,-0.023765798658132553,0.23054222390055656,0.4863538071513176,-0.2598080635070801,0.6406137943267822,0.7117174280879864,0.4146095608164179,-0.48720978243193125,return_distribution_report
90d,target,9283,-0.09024009219533441,0.16358636367032753,-0.13958326978892754,-0.2692439930535753,-0.21136839585590195,0.018283955362529913,0.22103660879436196,-0.3914727708320518,0.47180922615253995,0.2643541958418615,1.0074670785861037,0.3000711093566353,return_distribution_report
90d,zero_pred,9283,0.0,0.0,0.0,0.0,0.0,0.0,0.0,0.0,0.0,0.0,,,return_distribution_report
90d,mean_pred,9283,0.09742846880590672,0.02307832175236853,0.08774126107985326,0.07528286983280243,0.07528286983280243,0.129264406470716,0.129264406470716,0.07528286983280243,0.129264406470716,1.0,0.5559521280650328,-1.4999529744568523,return_distribution_report
90d,trailing_mean_pred,9283,0.011641881706909867,0.2091131180780746,-0.05272808573566795,-0.20608773887620915,-0.20608773887620915,0.2938118412971132,0.2938118412971132,-0.20608773887620915,0.2938118412971132,0.33329742540127116,0.432958109496829,-1.5000295319099795,return_distribution_report
90d,ridge_pred,9283,0.038641940533327146,0.35334897039872526,0.10830463178288657,-0.5099336966045944,-0.31532409373153447,0.30911657202203346,0.5408698905114052,-0.7673815163961601,1.339802408262616,0.6062695249380589,-0.1305092763262645,-0.9301309247646663,return_distribution_report
90d,random_forest_pred,9283,0.1125878819062464,0.14266037404287832,0.14478670448782682,-0.12386705200612957,-0.012431091744060924,0.22051557483504114,0.3329631075725531,-0.17691645235419923,0.43253808884740447,0.7317677474954217,-0.1820221421691271,-1.0586162242851735,return_distribution_report
90d,xgboost_pred,9283,0.12750477192775986,0.1695388219434687,0.13084574043750763,-0.1243160381913185,-0.024033792316913605,0.23360782116651535,0.40580494701862335,-0.19967979192733765,0.5931289196014404,0.7307982333297426,0.17178424254696628,-0.7019891103778679,return_distribution_report
180d,target,8764,-0.1527504387030944,0.22644762577836797,-0.20292985542417813,-0.41668293393225764,-0.31662520016666384,-0.050179514333127034,0.29085507163974467,-0.4679143178139086,0.6495750221816454,0.22124600638977635,1.038198750359754,0.45903104945031803,return_distribution_report
180d,zero_pred,8764,0.0,0.0,0.0,0.0,0.0,0.0,0.0,0.0,0.0,0.0,,,return_distribution_report
180d,mean_pred,8764,0.286033433380914,0.022905226303199928,0.2777313527341161,0.2630702704830213,0.2630702704830213,0.31730151913055077,0.31730151913055077,0.2630702704830213,0.31730151913055077,1.0,0.4963333743988773,-1.4999608166865566,return_distribution_report
180d,trailing_mean_pred,8764,0.12511485399881678,0.20240652445145735,0.15599979834261965,-0.13671096347838876,-0.13671096347838876,0.35614536281091763,0.35614536281091763,-0.13671096347838876,0.35614536281091763,0.666590597900502,-0.22493103228642408,-1.5003862995500707,return_distribution_report
180d,ridge_pred,8764,-0.0003736553122026437,0.4202668909962703,0.04125474172719837,-0.6619829859237591,-0.3514782385233681,0.3223421864171968,0.634336999800817,-1.7578646923520649,1.7508726359610751,0.5265860337745322,-0.09953314969420002,-0.5409322921269242,return_distribution_report
180d,random_forest_pred,8764,0.2058721586264,0.20300540843142106,0.20777849627477826,-0.3327963123298844,0.10734930588968847,0.39444238872869447,0.44551399944197484,-0.3661466767952883,0.5533910417614682,0.9240073026015518,-1.0317630322961842,1.110901094185416,return_distribution_report
180d,xgboost_pred,8764,0.19488415363111108,0.25725287744408476,0.2386530488729477,-0.46015293151140213,0.05347722955048084,0.4068000167608261,0.49434939175844195,-0.5523197650909424,0.5431612133979797,0.8234824281150159,-1.1091756070973111,0.8797104315131401,return_distribution_report
