signal_time,entry_time,exit_time,raw_entry_price,raw_exit_price,entry_price,exit_price,units,gross_return,net_return,pnl,fees_paid,slippage_cost,costs_paid,hold_candles,probability_up,early_exit
2026-01-31 20:00:00+00:00,2026-01-31 21:00:00+00:00,2026-02-01 02:00:00+00:00,77999.02,78900.01,77999.02,78900.01,0.12807866034739912,0.011551298977858782,0.009529207931201933,95.3021746141967,20.095417572206387,0.0,20.095417572206387,6,0.4270351827144623,False
2026-02-01 05:00:00+00:00,2026-02-01 06:00:00+00:00,2026-02-01 11:00:00+00:00,78620.9,78743.56,78620.9,78743.56,0.12827653916015389,0.0015601449487350205,-0.0004419737810174018,-4.451768022219767,20.18616831560647,0.0,20.18616831560647,6,0.4207860827445984,False
2026-02-01 12:00:00+00:00,2026-02-01 13:00:00+00:00,2026-02-01 18:00:00+00:00,78459.68,78029.28,78459.68,78029.28,0.12848344062778516,-0.00548562012998266,-0.007473654375342753,-75.40551284726098,20.106240001063846,0.0,20.106240001063846,6,0.42347508668899536,False
2026-02-01 23:00:00+00:00,2026-02-02 00:00:00+00:00,2026-02-02 05:00:00+00:00,76968.22,75502.1,76968.22,75502.1,0.12999442437788508,-0.019048381266969616,-0.021009303552816938,-210.4077169520151,19.820291483111944,0.0,19.820291483111944,6,0.4206382930278778,False
2026-02-02 06:00:00+00:00,2026-02-02 07:00:00+00:00,2026-02-02 12:00:00+00:00,76549.32,77988.51,76549.32,77988.51,0.1279598817449696,0.018800820177109268,0.01676423733757537,164.3839397566171,19.774642451924215,0.0,19.774642451924215,6,0.4696029722690582,False
2026-02-03 19:00:00+00:00,2026-02-03 20:00:00+00:00,2026-02-04 01:00:00+00:00,74935.0,76423.73,74935.0,76423.73,0.13290800900639776,0.019866951357843332,0.017828237322078833,177.7473527980601,20.116787450036927,0.0,20.116787450036927,6,0.4449285566806793,False
2026-02-04 02:00:00+00:00,2026-02-04 03:00:00+00:00,2026-02-04 08:00:00+00:00,75963.35,76587.26,75963.35,76587.26,0.13344634534824307,0.008213302862498661,0.00619788447007652,62.90118794107548,20.357321385145145,0.0,20.357321385145145,6,0.4434795081615448,False
2026-02-04 17:00:00+00:00,2026-02-04 18:00:00+00:00,2026-02-04 23:00:00+00:00,72576.08,73165.83,72576.08,73165.83,0.14054037897198282,0.00812595554899076,0.006110711763848364,62.40106523522627,20.482623263500614,0.0,20.482623263500614,6,0.4413919448852539,False
2026-02-05 00:00:00+00:00,2026-02-05 01:00:00+00:00,2026-02-05 06:00:00+00:00,72868.02,70951.51,72868.02,70951.51,0.14083281683802662,-0.02630111261428547,-0.02824753669016955,-290.1620113244662,20.254509526221074,0.0,20.254509526221074,6,0.4775988757610321,False
2026-02-05 07:00:00+00:00,2026-02-05 08:00:00+00:00,2026-02-05 13:00:00+00:00,70756.86,69688.94,70756.86,69688.94,0.14093808536478836,-0.015092812202237349,-0.017061641670645056,-170.30476227228974,19.794162149525995,0.0,19.794162149525995,6,0.4907487630844116,False
2026-02-05 14:00:00+00:00,2026-02-05 15:00:00+00:00,2026-02-05 20:00:00+00:00,69404.75,63775.67,69404.75,63775.67,0.14123243361844448,-0.08110511168183732,-0.08294198256358531,-813.8180622598411,18.809394826926557,0.0,18.809394826926557,6,0.48258861899375916,False
2026-02-05 21:00:00+00:00,2026-02-05 22:00:00+00:00,2026-02-06 03:00:00+00:00,63213.34,64168.33,63213.34,64168.33,0.14220410897410413,0.015107412454396618,0.013078212736900241,117.68930514719796,18.114196881983368,0.0,18.114196881983368,6,0.46741899847984314,False
2026-02-06 04:00:00+00:00,2026-02-06 05:00:00+00:00,2026-02-06 10:00:00+00:00,64905.54,65967.51,64905.54,65967.51,0.1403080295363212,0.016361777438412606,0.014330070245313298,130.64037836177886,18.36253976490844,0.0,18.36253976490844,6,0.49516868591308594,False
2026-02-06 11:00:00+00:00,2026-02-06 12:00:00+00:00,2026-02-06 17:00:00+00:00,66631.32,70753.53,66631.32,70753.53,0.13863267742383253,0.06186595132739359,0.059743281290690176,552.4269796103254,19.04602959297162,0.0,19.04602959297162,6,0.440473735332489,False
2026-06-03 04:00:00+00:00,2026-06-03 05:00:00+00:00,2026-06-03 10:00:00+00:00,66465.99,67294.52,66465.99,67294.52,0.1472806377575957,0.012465472943380407,0.010441554462966574,102.32609358172158,19.70033321958126,0.0,19.70033321958126,6,0.4415723383426666,False
2026-06-04 01:00:00+00:00,2026-06-04 02:00:00+00:00,2026-06-04 07:00:00+00:00,62178.1,63603.15,62178.1,63603.15,0.15908136894022154,0.02291884119971499,0.02087402643615688,206.68945137125047,20.00945343701224,0.0,20.00945343701224,6,0.4345601201057434,False
2026-06-04 08:00:00+00:00,2026-06-04 09:00:00+00:00,2026-06-04 14:00:00+00:00,63629.99,63958.97,63629.99,63958.97,0.1586965554215054,0.005170203547101071,0.0031608683102102297,31.960064340755707,20.247928461812236,0.0,20.247928461812236,6,0.45902639627456665,False
2026-06-04 15:00:00+00:00,2026-06-04 16:00:00+00:00,2026-06-04 21:00:00+00:00,63896.16,63286.21,63896.16,63286.21,0.15853516660014288,-0.009545957065338562,-0.011525874697164928,-116.86140308430731,20.162878216551015,0.0,20.162878216551015,6,0.4350496530532837,False
2026-06-05 06:00:00+00:00,2026-06-05 07:00:00+00:00,2026-06-05 12:00:00+00:00,61946.57,61959.73,61946.57,61959.73,0.16164000221938846,0.00021244114080887222,-0.001786983529031616,-17.901032177787783,20.028214606996215,0.0,20.028214606996215,6,0.42266950011253357,False
2026-06-05 13:00:00+00:00,2026-06-05 14:00:00+00:00,2026-06-05 19:00:00+00:00,60732.36,60300.24,60732.36,60300.24,0.16457718032453772,-0.00711515244920502,-0.009099929259459016,-91.03629519718561,19.919204035347647,0.0,19.919204035347647,6,0.42266950011253357,False
2026-06-05 20:00:00+00:00,2026-06-05 21:00:00+00:00,2026-06-06 02:00:00+00:00,61620.01,60951.64,61620.01,60951.64,0.1607305031824468,-0.010846638940824604,-0.012823956509581902,-127.12844939245406,19.701002980402755,0.0,19.701002980402755,6,0.4699680805206299,False
2026-06-06 04:00:00+00:00,2026-06-06 05:00:00+00:00,2026-06-06 10:00:00+00:00,60101.28,60593.0,60101.28,60593.0,0.16267896067210036,0.00818152292263985,0.0061661680583176,60.358078512219436,19.63442002946747,0.0,19.63442002946747,6,0.4341396689414978,False
